class_name,full_name,description,common_uses
Statin,HMG-CoA Reductase Inhibitors,Medications that lower cholesterol levels by inhibiting the HMG-CoA reductase enzyme,High cholesterol, heart disease prevention
SSRI,Selective Serotonin Reuptake Inhibitors,Antidepressants that increase serotonin levels in the brain by blocking reabsorption,"Depression, anxiety, obsessive-compulsive disorder, PTSD"
PPI,Proton Pump Inhibitors,Medications that reduce stomach acid production by blocking the proton pump enzyme,"Heartburn, acid reflux, GERD, stomach ulcers"
NSAID,Nonsteroidal Anti-inflammatory Drugs,Medications that reduce pain, inflammation, and fever by blocking certain enzymes,"Pain, inflammation, fever, arthritis"
Analgesic,Pain Relievers,Medications that relieve pain by various mechanisms,Pain relief for various conditions
Antihistamine,Antihistamines,Medications that block histamine receptors to treat allergies,"Allergies, hay fever, cold symptoms"
Biguanide,Biguanides,Medications that decrease glucose production in the liver and improve insulin sensitivity,Type 2 diabetes management
DPP-4 Inhibitor,Dipeptidyl Peptidase-4 Inhibitors,Medications that increase insulin production and decrease glucagon levels to control blood sugar,Type 2 diabetes management
Penicillin,Penicillins,Antibiotics that kill bacteria by disrupting cell wall synthesis,Bacterial infections of various types
Cephalosporin,Cephalosporins,Antibiotics similar to penicillins that disrupt bacterial cell wall synthesis,Bacterial infections, often used for penicillin-allergic patients
