Medication Name,Generic Name,Type/Class,Avg Cost (USD),Insurance Coverage,Alternatives,Restrictions,Supplement Suggestions
Advil,Ibuprofen,NSAID,8,Most,"Naproxen,Acetaminophen,Aspirin",Stomach ulcers,"Turmeric, Omega-3"
Lipitor,Atorvastatin,Statin,80,Limited,"Simvastatin,Rosuvastatin,Pravastatin",Liver issues,"Red yeast rice, CoQ10"
Zoloft,Sertraline,SSRI (Antidepressant),90,Some,"Fluoxetine,Escitalopram,Citalopram",MAOI use,"St. John's Wort (⚠️ interact)"
Xanax,Alprazolam,Benzodiazepine,70,Limited,"Buspirone,Diazepam,Lorazepam",Substance use history,"Chamomile tea, Meditation"
Claritin,Loratadine,Antihistamine,25,Most,"Cetirizine,Fexofenadine,Diphenhydramine",None,"Quercetin, Saline rinse"
Glucophage,Metformin,Antidiabetic,15,Most,"Glipizide,Glyburide,Pioglitazone",Kidney disease,"Cinnamon, Low-carb diet"
Nexium,Esomeprazole,PPI (acid reflux),35,Some,"Omeprazole,Pantoprazole,Lansoprazole",B12 deficiency,"Ginger tea, Elevate head"
Naproxen,Naproxen,NSAID,6,Most,Ibuprofen,Heart conditions,"Turmeric, Omega-3"
Acetaminophen,Acetaminophen,Analgesic,5,Most,Ibuprofen,Liver disease,"Willow bark, MSM"
Aspirin,Acetylsalicylic acid,NSAID,4,Most,Ibuprofen,Bleeding disorders,"Omega-3, White willow bark"
Simvastatin,Simvastatin,Statin,40,Most,Atorvastatin,Muscle pain,"Red yeast rice, CoQ10"
Rosuvastatin,Rosuvastatin,Statin,60,Some,Atorvastatin,Muscle pain,"Red yeast rice, Plant sterols"
Pravastatin,Pravastatin,Statin,35,Most,Atorvastatin,Liver issues,"Red yeast rice, Plant sterols"
Fluoxetine,Fluoxetine,SSRI (Antidepressant),50,Most,Sertraline,Bipolar disorder,"Omega-3, Exercise"
Escitalopram,Escitalopram,SSRI (Antidepressant),70,Some,Sertraline,Liver issues,"Omega-3, Vitamin D"
Citalopram,Citalopram,SSRI (Antidepressant),45,Most,Sertraline,Heart rhythm issues,"Vitamin B complex, Exercise"
Buspirone,Buspirone,Anxiolytic,30,Some,Alprazolam,None,"Magnesium, L-theanine"
Diazepam,Diazepam,Benzodiazepine,50,Limited,Alprazolam,Respiratory issues,"Chamomile, Valerian"
Lorazepam,Lorazepam,Benzodiazepine,45,Limited,Alprazolam,Respiratory issues,"Lemon balm, Valerian"
Cetirizine,Cetirizine,Antihistamine,15,Most,Loratadine,None,"Quercetin, Nettle leaf"
Fexofenadine,Fexofenadine,Antihistamine,18,Most,Loratadine,None,"Quercetin, Butterbur"
Diphenhydramine,Diphenhydramine,Antihistamine,5,Most,Loratadine,Urinary retention,"Nettle leaf, Vitamin C"
Glipizide,Glipizide,Sulfonylurea,10,Most,Metformin,Heart failure,"Alpha-lipoic acid, Chromium"
Glyburide,Glyburide,Sulfonylurea,12,Most,Metformin,Kidney disease,"Berberine, Chromium"
Pioglitazone,Pioglitazone,Thiazolidinedione,25,Limited,Metformin,Heart failure,"Berberine, Gymnema"
Omeprazole,Omeprazole,PPI (acid reflux),20,Most,Esomeprazole,B12 deficiency,"DGL licorice, Slippery elm"
Pantoprazole,Pantoprazole,PPI (acid reflux),25,Most,Esomeprazole,B12 deficiency,"Aloe vera juice, Slippery elm"
Lansoprazole,Lansoprazole,PPI (acid reflux),30,Some,Esomeprazole,B12 deficiency,"Marshmallow root, DGL licorice"