name,drug_class,description,avg_cost,is_brand,brand_equivalent,side_effects,interactions,source
Lipitor,Statin,Used to lower cholesterol and prevent heart disease,250.00,TRUE,,Muscle pain, liver problems, digestive issues,Grapefruit juice, certain antibiotics, antifungals,FDA, Mayo Clinic
Atorvastatin,Statin,Used to lower cholesterol and prevent heart disease,20.00,FALSE,Lipitor,Muscle pain, liver problems, digestive issues,Grapefruit juice, certain antibiotics, antifungals,FDA, Mayo Clinic
Crestor,Statin,Used to lower cholesterol and prevent heart disease,280.00,TRUE,,Muscle pain, headache, weakness,Cyclosporine, gemfibrozil, antacids,FDA, Mayo Clinic
Rosuvastatin,Statin,Used to lower cholesterol and prevent heart disease,35.00,FALSE,Crestor,Muscle pain, headache, weakness,Cyclosporine, gemfibrozil, antacids,FDA, Mayo Clinic
Zoloft,SSRI,Used to treat depression, anxiety, and other mental health conditions,120.00,TRUE,,Nausea, insomnia, sexual dysfunction, dry mouth,MAOIs, other antidepressants, aspirin,FDA, Mayo Clinic
Sertraline,SSRI,Used to treat depression, anxiety, and other mental health conditions,15.00,FALSE,Zoloft,Nausea, insomnia, sexual dysfunction, dry mouth,MAOIs, other antidepressants, aspirin,FDA, Mayo Clinic
Prozac,SSRI,Used to treat depression, anxiety, and other mental health conditions,135.00,TRUE,,Nausea, insomnia, anxiety, headache,MAOIs, other antidepressants, NSAIDs,FDA, Mayo Clinic
Fluoxetine,SSRI,Used to treat depression, anxiety, and other mental health conditions,15.00,FALSE,Prozac,Nausea, insomnia, anxiety, headache,MAOIs, other antidepressants, NSAIDs,FDA, Mayo Clinic
Nexium,PPI,Used to reduce stomach acid and treat acid reflux,250.00,TRUE,,Headache, diarrhea, nausea, abdominal pain,Diazepam, digoxin, cilostazol,FDA, Mayo Clinic
Esomeprazole,PPI,Used to reduce stomach acid and treat acid reflux,25.00,FALSE,Nexium,Headache, diarrhea, nausea, abdominal pain,Diazepam, digoxin, cilostazol,FDA, Mayo Clinic
Prilosec,PPI,Used to reduce stomach acid and treat acid reflux,30.00,TRUE,,Headache, abdominal pain, diarrhea,Diazepam, warfarin, phenytoin,FDA, Mayo Clinic
Omeprazole,PPI,Used to reduce stomach acid and treat acid reflux,15.00,FALSE,Prilosec,Headache, abdominal pain, diarrhea,Diazepam, warfarin, phenytoin,FDA, Mayo Clinic
Advil,NSAID,Used to reduce pain, inflammation, and fever,15.00,TRUE,,Stomach pain, heartburn, nausea, dizziness,Aspirin, blood thinners, blood pressure medications,FDA, Mayo Clinic
Ibuprofen,NSAID,Used to reduce pain, inflammation, and fever,5.00,FALSE,Advil,Stomach pain, heartburn, nausea, dizziness,Aspirin, blood thinners, blood pressure medications,FDA, Mayo Clinic
Tylenol,Analgesic,Used to reduce fever and relieve pain,12.00,TRUE,,Nausea, headache, liver damage (with overuse),Alcohol, NSAIDs, anticoagulants,FDA, Mayo Clinic
Acetaminophen,Analgesic,Used to reduce fever and relieve pain,5.00,FALSE,Tylenol,Nausea, headache, liver damage (with overuse),Alcohol, NSAIDs, anticoagulants,FDA, Mayo Clinic
Claritin,Antihistamine,Used to treat allergies,45.00,TRUE,,Headache, drowsiness, fatigue, dry mouth,Alcohol, sedatives,FDA, Mayo Clinic
Loratadine,Antihistamine,Used to treat allergies,10.00,FALSE,Claritin,Headache, drowsiness, fatigue, dry mouth,Alcohol, sedatives,FDA, Mayo Clinic
Zyrtec,Antihistamine,Used to treat allergies,40.00,TRUE,,Drowsiness, fatigue, dry mouth,Alcohol, sedatives,FDA, Mayo Clinic
Cetirizine,Antihistamine,Used to treat allergies,12.00,FALSE,Zyrtec,Drowsiness, fatigue, dry mouth,Alcohol, sedatives,FDA, Mayo Clinic
Metformin,Biguanide,Used to control blood sugar in type 2 diabetes,20.00,FALSE,Glucophage,Diarrhea, nausea, abdominal discomfort,Alcohol, certain diuretics, contrast dyes,FDA, Mayo Clinic
Glucophage,Biguanide,Used to control blood sugar in type 2 diabetes,15.00,TRUE,,Diarrhea, nausea, abdominal discomfort,Alcohol, certain diuretics, contrast dyes,FDA, Mayo Clinic
Januvia,DPP-4 Inhibitor,Used to control blood sugar in type 2 diabetes,500.00,TRUE,,Upper respiratory tract infection, headache,Digoxin, certain antifungals,FDA, Mayo Clinic
Sitagliptin,DPP-4 Inhibitor,Used to control blood sugar in type 2 diabetes,450.00,FALSE,Januvia,Upper respiratory tract infection, headache,Digoxin, certain antifungals,FDA, Mayo Clinic
Simvastatin,Statin,Used to lower cholesterol and prevent heart disease,20.00,FALSE,Zocor,Muscle pain, liver problems, digestive issues,Grapefruit juice, certain antibiotics,FDA, Mayo Clinic
Zocor,Statin,Used to lower cholesterol and prevent heart disease,180.00,TRUE,,Muscle pain, liver problems, digestive issues,Grapefruit juice, certain antibiotics,FDA, Mayo Clinic
Lovastatin,Statin,Used to lower cholesterol and prevent heart disease,18.00,FALSE,Mevacor,Muscle pain, liver problems, digestive issues,Grapefruit juice, certain antibiotics,FDA, Mayo Clinic
Mevacor,Statin,Used to lower cholesterol and prevent heart disease,150.00,TRUE,,Muscle pain, liver problems, digestive issues,Grapefruit juice, certain antibiotics,FDA, Mayo Clinic
Amoxicillin,Penicillin,Used to treat bacterial infections,20.00,FALSE,,Diarrhea, nausea, rash,Probenecid, allopurinol, oral contraceptives,FDA, Mayo Clinic
Augmentin,Penicillin combination,Used to treat bacterial infections,45.00,TRUE,,Diarrhea, nausea, rash, abdominal discomfort,Probenecid, allopurinol, oral contraceptives,FDA, Mayo Clinic
Cephalexin,Cephalosporin,Used to treat bacterial infections,15.00,FALSE,Keflex,Diarrhea, nausea, allergic reactions,Probenecid, anticoagulants,FDA, Mayo Clinic
Keflex,Cephalosporin,Used to treat bacterial infections,25.00,TRUE,,Diarrhea, nausea, allergic reactions,Probenecid, anticoagulants,FDA, Mayo Clinic
